{
  "artifacts": [],
  "command": "make_videos",
  "experiment": {
    "base_dir": "/mnt/c/Users/songe/Documents/GitHub/CSE291-5/adversarial-policies/src/aprl/visualize",
    "dependencies": [
      "aprl==0.2",
      "numpy==1.21.3",
      "sacred==0.8.2"
    ],
    "mainfile": "make_videos.py",
    "name": "make_videos",
    "repositories": [
      {
        "commit": "bba910b89149f1274bb9652a6f378b22c3c9b6c5",
        "dirty": true,
        "url": "https://github.com/HumanCompatibleAI/adversarial-policies.git"
      },
      {
        "commit": "bba910b89149f1274bb9652a6f378b22c3c9b6c5",
        "dirty": true,
        "url": "https://github.com/HumanCompatibleAI/adversarial-policies.git"
      },
      {
        "commit": "bba910b89149f1274bb9652a6f378b22c3c9b6c5",
        "dirty": true,
        "url": "https://github.com/HumanCompatibleAI/adversarial-policies.git"
      }
    ],
    "sources": [
      [
        "__init__.py",
        "_sources/__init___d41d8cd98f00b204e9800998ecf8427e.py"
      ],
      [
        "make_videos.py",
        "_sources/make_videos_be1c10d8bd114fd0e8de47c67a517e6e.py"
      ],
      [
        "util.py",
        "_sources/util_16ea1811b13ea73e969d120c0e6482e2.py"
      ]
    ]
  },
  "fail_trace": [
    "Traceback (most recent call last):\n",
    "  File \"/mnt/c/Users/songe/Documents/GitHub/CSE291-5/adversarial-policies/venv/lib/python3.7/site-packages/sacred/config/captured_function.py\", line 42, in captured_function\n    result = wrapped(*args, **kwargs)\n",
    "  File \"/mnt/c/Users/songe/Documents/GitHub/CSE291-5/adversarial-policies/src/aprl/visualize/make_videos.py\", line 133, in make_videos\n    video_dirs = generate_videos()\n",
    "  File \"/mnt/c/Users/songe/Documents/GitHub/CSE291-5/adversarial-policies/venv/lib/python3.7/site-packages/sacred/config/captured_function.py\", line 42, in captured_function\n    result = wrapped(*args, **kwargs)\n",
    "  File \"/mnt/c/Users/songe/Documents/GitHub/CSE291-5/adversarial-policies/src/aprl/visualize/make_videos.py\", line 86, in generate_videos\n    adversary_path=adversary_path,\n",
    "  File \"/mnt/c/Users/songe/Documents/GitHub/CSE291-5/adversarial-policies/src/aprl/multi/score.py\", line 121, in run_external\n    run = multi_score_ex.run(named_configs=configs, config_updates=config_updates)\n",
    "  File \"/mnt/c/Users/songe/Documents/GitHub/CSE291-5/adversarial-policies/venv/lib/python3.7/site-packages/sacred/experiment.py\", line 274, in run\n    command_name, config_updates, named_configs, info, meta_info, options\n",
    "  File \"/mnt/c/Users/songe/Documents/GitHub/CSE291-5/adversarial-policies/venv/lib/python3.7/site-packages/sacred/experiment.py\", line 538, in _create_run\n    log_level=options.get(commandline_options.loglevel_option.get_flag(), None),\n",
    "  File \"/mnt/c/Users/songe/Documents/GitHub/CSE291-5/adversarial-policies/venv/lib/python3.7/site-packages/sacred/initialize.py\", line 434, in create_run\n    scaffold.set_up_config()\n",
    "  File \"/mnt/c/Users/songe/Documents/GitHub/CSE291-5/adversarial-policies/venv/lib/python3.7/site-packages/sacred/initialize.py\", line 134, in set_up_config\n    fallback=self.fallback,\n",
    "  File \"/mnt/c/Users/songe/Documents/GitHub/CSE291-5/adversarial-policies/venv/lib/python3.7/site-packages/sacred/config/utils.py\", line 110, in chain_evaluate_config_scopes\n    cfg = config(fixed=fixed, preset=final_config, fallback=fallback)\n",
    "  File \"/mnt/c/Users/songe/Documents/GitHub/CSE291-5/adversarial-policies/venv/lib/python3.7/site-packages/sacred/config/config_scope.py\", line 74, in __call__\n    eval(self._body_code, copy(self._func.__globals__), cfg_locals)\n",
    "  File \"/mnt/c/Users/songe/Documents/GitHub/CSE291-5/adversarial-policies/src/aprl/configs/multi/score.py\", line 412, in <module>\n    opponent_fns=[_to_fn(cfg) for cfg in opponents],\n",
    "  File \"/mnt/c/Users/songe/Documents/GitHub/CSE291-5/adversarial-policies/src/aprl/configs/multi/score.py\", line 412, in <listcomp>\n    opponent_fns=[_to_fn(cfg) for cfg in opponents],\n",
    "  File \"/mnt/c/Users/songe/Documents/GitHub/CSE291-5/adversarial-policies/src/aprl/configs/multi/score.py\", line 94, in _to_fn\n    return _adversary()\n",
    "  File \"/mnt/c/Users/songe/Documents/GitHub/CSE291-5/adversarial-policies/src/aprl/configs/multi/score.py\", line 67, in _adversary\n    return _from_paths(get_adversary_paths())\n",
    "  File \"/mnt/c/Users/songe/Documents/GitHub/CSE291-5/adversarial-policies/src/aprl/configs/multi/common.py\", line 28, in get_adversary_paths\n    with open(path, \"r\") as f:\n",
    "FileNotFoundError: [Errno 2] No such file or directory: '/mnt/c/Users/songe/Documents/GitHub/CSE291-5/adversarial-policies/data/multi_train/paper/highest_win_policies_and_rates.json'\n"
  ],
  "heartbeat": "2021-11-13T06:36:08.526767",
  "host": {
    "ENV": {},
    "cpu": "11th Gen Intel(R) Core(TM) i7-1165G7 @ 2.80GHz",
    "hostname": "LAPTOP-NRTIETLL",
    "os": [
      "Linux",
      "Linux-5.10.16.3-microsoft-standard-WSL2-x86_64-with-Ubuntu-20.04-focal"
    ],
    "python_version": "3.7.12"
  },
  "meta": {
    "command": "make_videos",
    "options": {
      "--beat-interval": null,
      "--capture": null,
      "--comment": null,
      "--debug": false,
      "--enforce_clean": false,
      "--file_storage": null,
      "--force": false,
      "--help": false,
      "--loglevel": null,
      "--mongo_db": null,
      "--name": null,
      "--pdb": false,
      "--print-config": false,
      "--priority": null,
      "--queue": false,
      "--s3": null,
      "--sql": null,
      "--tiny_db": null,
      "--unobserved": false,
      "COMMAND": null,
      "UPDATE": [],
      "help": false,
      "with": false
    }
  },
  "resources": [],
  "result": null,
  "start_time": "2021-11-13T06:36:05.286848",
  "status": "FAILED",
  "stop_time": "2021-11-13T06:36:08.580506"
}