{
  "artifacts": [],
  "command": "train",
  "experiment": {
    "base_dir": "/mnt/c/Users/songe/Documents/GitHub/CSE291-5/adversarial-policies/src/aprl",
    "dependencies": [
      "gym==0.15.4",
      "numpy==1.21.3",
      "sacred==0.8.2",
      "stable-baselines==2.10.1a1",
      "tensorflow==1.13.2"
    ],
    "mainfile": "train.py",
    "name": "train",
    "repositories": [
      {
        "commit": "bba910b89149f1274bb9652a6f378b22c3c9b6c5",
        "dirty": true,
        "url": "https://github.com/HumanCompatibleAI/adversarial-policies.git"
      },
      {
        "commit": "bba910b89149f1274bb9652a6f378b22c3c9b6c5",
        "dirty": true,
        "url": "https://github.com/HumanCompatibleAI/adversarial-policies.git"
      },
      {
        "commit": "bba910b89149f1274bb9652a6f378b22c3c9b6c5",
        "dirty": true,
        "url": "https://github.com/HumanCompatibleAI/adversarial-policies.git"
      },
      {
        "commit": "bba910b89149f1274bb9652a6f378b22c3c9b6c5",
        "dirty": true,
        "url": "https://github.com/HumanCompatibleAI/adversarial-policies.git"
      },
      {
        "commit": "bba910b89149f1274bb9652a6f378b22c3c9b6c5",
        "dirty": true,
        "url": "https://github.com/HumanCompatibleAI/adversarial-policies.git"
      },
      {
        "commit": "bba910b89149f1274bb9652a6f378b22c3c9b6c5",
        "dirty": true,
        "url": "https://github.com/HumanCompatibleAI/adversarial-policies.git"
      },
      {
        "commit": "bba910b89149f1274bb9652a6f378b22c3c9b6c5",
        "dirty": true,
        "url": "https://github.com/HumanCompatibleAI/adversarial-policies.git"
      },
      {
        "commit": "bba910b89149f1274bb9652a6f378b22c3c9b6c5",
        "dirty": true,
        "url": "https://github.com/HumanCompatibleAI/adversarial-policies.git"
      },
      {
        "commit": "bba910b89149f1274bb9652a6f378b22c3c9b6c5",
        "dirty": true,
        "url": "https://github.com/HumanCompatibleAI/adversarial-policies.git"
      },
      {
        "commit": "bba910b89149f1274bb9652a6f378b22c3c9b6c5",
        "dirty": true,
        "url": "https://github.com/HumanCompatibleAI/adversarial-policies.git"
      },
      {
        "commit": "bba910b89149f1274bb9652a6f378b22c3c9b6c5",
        "dirty": true,
        "url": "https://github.com/HumanCompatibleAI/adversarial-policies.git"
      },
      {
        "commit": "bba910b89149f1274bb9652a6f378b22c3c9b6c5",
        "dirty": true,
        "url": "https://github.com/HumanCompatibleAI/adversarial-policies.git"
      },
      {
        "commit": "bba910b89149f1274bb9652a6f378b22c3c9b6c5",
        "dirty": true,
        "url": "https://github.com/HumanCompatibleAI/adversarial-policies.git"
      },
      {
        "commit": "bba910b89149f1274bb9652a6f378b22c3c9b6c5",
        "dirty": true,
        "url": "https://github.com/HumanCompatibleAI/adversarial-policies.git"
      },
      {
        "commit": "bba910b89149f1274bb9652a6f378b22c3c9b6c5",
        "dirty": true,
        "url": "https://github.com/HumanCompatibleAI/adversarial-policies.git"
      },
      {
        "commit": "bba910b89149f1274bb9652a6f378b22c3c9b6c5",
        "dirty": true,
        "url": "https://github.com/HumanCompatibleAI/adversarial-policies.git"
      },
      {
        "commit": "bba910b89149f1274bb9652a6f378b22c3c9b6c5",
        "dirty": true,
        "url": "https://github.com/HumanCompatibleAI/adversarial-policies.git"
      }
    ],
    "sources": [
      [
        "__init__.py",
        "_sources/__init___d41d8cd98f00b204e9800998ecf8427e.py"
      ],
      [
        "common/__init__.py",
        "_sources/__init___d41d8cd98f00b204e9800998ecf8427e.py"
      ],
      [
        "common/utils.py",
        "_sources/utils_8e9ad5be6982810a8ed89e3e2b99e765.py"
      ],
      [
        "envs/__init__.py",
        "_sources/__init___d82c10de489e949b6fd9a615c47bb1b3.py"
      ],
      [
        "envs/gym_compete.py",
        "_sources/gym_compete_390b609bccd23afcff3e0120981d0aeb.py"
      ],
      [
        "envs/multi_agent.py",
        "_sources/multi_agent_a2e147bf1358443fffc7dce90202b5cc.py"
      ],
      [
        "envs/observation_masking.py",
        "_sources/observation_masking_174b80ba4e5d8bb2179276e9b71977ab.py"
      ],
      [
        "policies/__init__.py",
        "_sources/__init___64192e690b0475cf5d922d621eb17a03.py"
      ],
      [
        "policies/loader.py",
        "_sources/loader_6e9f37bf89471db8820240e12fde88aa.py"
      ],
      [
        "policies/wrappers.py",
        "_sources/wrappers_f74362c9d3d8d633aedd86c70295225a.py"
      ],
      [
        "train.py",
        "_sources/train_02dda3fc2d7c994e3a856fd03a14f935.py"
      ],
      [
        "training/__init__.py",
        "_sources/__init___d41d8cd98f00b204e9800998ecf8427e.py"
      ],
      [
        "training/embedded_agents.py",
        "_sources/embedded_agents_638fba59bfdaf79ad4187d99a7b29a82.py"
      ],
      [
        "training/logger.py",
        "_sources/logger_420152497554e2e6c439b3ab71d42320.py"
      ],
      [
        "training/lookback.py",
        "_sources/lookback_4e62fc942a0de7c6ccd863212a3fd945.py"
      ],
      [
        "training/scheduling.py",
        "_sources/scheduling_6f365b611a86780143dc9ea188833230.py"
      ],
      [
        "training/shaping_wrappers.py",
        "_sources/shaping_wrappers_72b3bf37e175ca22b9fd7d52905553ef.py"
      ]
    ]
  },
  "heartbeat": "2021-11-13T05:27:30.374089",
  "host": {
    "ENV": {},
    "cpu": "11th Gen Intel(R) Core(TM) i7-1165G7 @ 2.80GHz",
    "hostname": "LAPTOP-NRTIETLL",
    "os": [
      "Linux",
      "Linux-5.10.16.3-microsoft-standard-WSL2-x86_64-with-Ubuntu-20.04-focal"
    ],
    "python_version": "3.7.12"
  },
  "meta": {
    "command": "train",
    "options": {
      "--beat-interval": null,
      "--capture": null,
      "--comment": null,
      "--debug": false,
      "--enforce_clean": false,
      "--file_storage": null,
      "--force": false,
      "--help": false,
      "--loglevel": null,
      "--mongo_db": null,
      "--name": null,
      "--pdb": false,
      "--print-config": false,
      "--priority": null,
      "--queue": false,
      "--s3": null,
      "--sql": null,
      "--tiny_db": null,
      "--unobserved": false,
      "COMMAND": null,
      "UPDATE": [
        "env_name=multicomp/SumoHumans-v0",
        "paper",
        "total_timesteps=1000000"
      ],
      "help": false,
      "with": true
    }
  },
  "resources": [],
  "result": "data/baselines/20211112_204538-default/final_model",
  "start_time": "2021-11-13T04:45:37.592097",
  "status": "COMPLETED",
  "stop_time": "2021-11-13T05:27:28.361150"
}